Region,Genre,Sales
NA,Action,877.8299999999916
EU,Action,524.9999999999854
JP,Role-Playing,352.3099999999979
